<?xml version="1.0" encoding="UTF-8"?>
<beans xmlns="http://www.springframework.org/schema/beans"
	xmlns:xsi="http://www.w3.org/2001/XMLSchema-instance" xmlns:context="http://www.springframework.org/schema/context"
	xsi:schemaLocation="http://www.springframework.org/schema/beans
    http://www.springframework.org/schema/beans/spring-beans.xsd
    http://www.springframework.org/schema/context
    http://www.springframework.org/schema/context/spring-context.xsd">
     <context:property-placeholder location="classpath:redis.properties"/>
	<!-- Redis连接池的设置 -->
	<bean id="jedisPoolConfig" class="redis.clients.jedis.JedisPoolConfig">
		<!-- 控制一个pool可分配多少个jedis实例 -->
		<property name="maxTotal" value="100" />
		<!-- 连接池中最多可空闲maxIdle个连接 ，这里取值为20，表示即使没有数据库连接时依然可以保持20空闲的连接，而不被清除，随时处于待命状态。 -->
		<property name="maxIdle" value="20" />
		<!-- 最大等待时间:当没有可用连接时,连接池等待连接被归还的最大时间(以毫秒计数),超过时间则抛出异常 -->
		<property name="maxWaitMillis" value="3000" />
		<!-- 在获取连接的时候检查有效性 -->
		<property name="testOnBorrow" value="true" />
	</bean>

	<!-- 创建Redis连接池，并做相关配置 -->
	<bean id="jedisWritePool" class="o2o.cache.JedisPoolWriper"
		depends-on="jedisPoolConfig">
		<constructor-arg index="0" ref="jedisPoolConfig" />
		<constructor-arg index="1" value="47.254.18.138" />
		<constructor-arg index="2" value="6379" type="int" />
	</bean>

	<!-- 创建Redis工具类，封装好Redis的连接以进行相关的操作 -->
	<bean id="jedisUtil" class="o2o.cache.JedisUtil" scope="singleton">
		<property name="jedisPool">
			<ref bean="jedisWritePool" />
		</property>
	</bean>
	<!-- Redis的key操作 -->
	<bean id="jedisKeys" class="o2o.cache.JedisUtil$Keys"
		scope="singleton">
		<constructor-arg ref="jedisUtil"></constructor-arg>
	</bean>
	<!-- Redis的Strings操作 -->
	<bean id="jedisStrings" class="o2o.cache.JedisUtil$Strings"
		scope="singleton">
		<constructor-arg ref="jedisUtil"></constructor-arg>
	</bean>
	<!-- Redis的Lists操作 -->
	<bean id="jedisLists" class="o2o.cache.JedisUtil$Lists"
		scope="singleton">
		<constructor-arg ref="jedisUtil"></constructor-arg>
	</bean>
	<!-- Redis的Sets操作 -->
	<bean id="jedisSets" class="o2o.cache.JedisUtil$Sets"
		scope="singleton">
		<constructor-arg ref="jedisUtil"></constructor-arg>
	</bean>
	<!-- Redis的HashMap操作 -->
	<bean id="jedisHash" class="o2o.cache.JedisUtil$Hash"
		scope="singleton">
		<constructor-arg ref="jedisUtil"></constructor-arg>
	</bean>
</beans>    